p1,p2,alphaD_true,alphaD_main_pred,rel_abs
2.000000029802322388e-01,1.000000000000000000e+00,1.905128231621799983e+01,1.920616340637207031e+01,8.129693717373718057e-03
3.289999961853027344e-01,1.000000000000000000e+00,1.929448825216500296e+01,1.935723876953125000e+01,3.252250930221272339e-03
4.569999873638153076e-01,1.000000000000000000e+00,1.955330396513200242e+01,1.958030128479003906e+01,1.380703726908711661e-03
5.860000252723693848e-01,1.000000000000000000e+00,1.982640296871900176e+01,1.980123901367187500e+01,1.269214344469294514e-03
7.139999866485595703e-01,1.000000000000000000e+00,2.011231444324100082e+01,2.003645706176757812e+01,3.771688319984253541e-03
8.429999947547912598e-01,1.000000000000000000e+00,2.039619449038099930e+01,2.030082702636718750e+01,4.675747922426794732e-03
9.710000157356262207e-01,1.000000000000000000e+00,2.068549501447999717e+01,2.058654022216796875e+01,4.783776856331421572e-03
1.100000023841857910e+00,1.000000000000000000e+00,2.096618933503400228e+01,2.088933372497558594e+01,3.665692836704114756e-03
1.228999972343444824e+00,1.000000000000000000e+00,2.124958845016400133e+01,2.119861602783203125e+01,2.398748684075181943e-03
1.356999993324279785e+00,1.000000000000000000e+00,2.152386533776699906e+01,2.150604248046875000e+01,8.280509573239181517e-04
1.485999941825866699e+00,1.000000000000000000e+00,2.179192326981700134e+01,2.181314468383789062e+01,9.738201515366978192e-04
1.613999962806701660e+00,1.000000000000000000e+00,2.204014677513000109e+01,2.211466026306152344e+01,3.380807246510854694e-03
1.743000030517578125e+00,1.000000000000000000e+00,2.228867631107900138e+01,2.241799354553222656e+01,5.801925275793325121e-03
1.871000051498413086e+00,1.000000000000000000e+00,2.252488587957199684e+01,2.272423362731933594e+01,8.850111330780556507e-03
2.000000000000000000e+00,1.000000000000000000e+00,2.275225162159200210e+01,2.304571342468261719e+01,1.289814335615549999e-02
2.000000029802322388e-01,1.250000000000000000e+00,1.797275283442800031e+01,1.810752296447753906e+01,7.498580283782549892e-03
3.289999961853027344e-01,1.250000000000000000e+00,1.818593757008200029e+01,1.824631881713867188e+01,3.320216338804869542e-03
4.569999873638153076e-01,1.250000000000000000e+00,1.842697065501300102e+01,1.844776344299316406e+01,1.128388836637476663e-03
5.860000252723693848e-01,1.250000000000000000e+00,1.869259862813899886e+01,1.869473838806152344e+01,1.144709713770602837e-04
7.139999866485595703e-01,1.250000000000000000e+00,1.897231550044799775e+01,1.895978736877441406e+01,6.603375151171113908e-04
8.429999947547912598e-01,1.250000000000000000e+00,1.926503502299900106e+01,1.924178886413574219e+01,1.206650225940784395e-03
9.710000157356262207e-01,1.250000000000000000e+00,1.956884610004999914e+01,1.953668212890625000e+01,1.643631462954116447e-03
1.100000023841857910e+00,1.250000000000000000e+00,1.986959762008499908e+01,1.984502983093261719e+01,1.236451267012461793e-03
1.228999972343444824e+00,1.250000000000000000e+00,2.017671195123000061e+01,2.015898323059082031e+01,8.786724359267827824e-04
1.356999993324279785e+00,1.250000000000000000e+00,2.047758952341600036e+01,2.047188758850097656e+01,2.784475637869227721e-04
1.485999941825866699e+00,1.250000000000000000e+00,2.076655730159399837e+01,2.078598213195800781e+01,9.353900158751122336e-04
1.613999962806701660e+00,1.250000000000000000e+00,2.105353203256500194e+01,2.109533691406250000e+01,1.985646941939977605e-03
1.743000030517578125e+00,1.250000000000000000e+00,2.133372537066399843e+01,2.140604972839355469e+01,3.390141968781948487e-03
1.871000051498413086e+00,1.250000000000000000e+00,2.160188061930699988e+01,2.171723556518554688e+01,5.340041819111194035e-03
2.000000000000000000e+00,1.250000000000000000e+00,2.186156960793200099e+01,2.203973960876464844e+01,8.149918053825481318e-03
2.000000029802322388e-01,1.500000000000000000e+00,1.711473267189400005e+01,1.720282936096191406e+01,5.147418353345790086e-03
3.289999961853027344e-01,1.500000000000000000e+00,1.728253134834200111e+01,1.732014083862304688e+01,2.176156346717914632e-03
4.569999873638153076e-01,1.500000000000000000e+00,1.748506160746699933e+01,1.749896812438964844e+01,7.953370273920180346e-04
5.860000252723693848e-01,1.500000000000000000e+00,1.772922685918599939e+01,1.773317146301269531e+01,2.224915873673373120e-04
7.139999866485595703e-01,1.500000000000000000e+00,1.800390228938000092e+01,1.800328063964843750e+01,3.452861060738574483e-05
8.429999947547912598e-01,1.500000000000000000e+00,1.829328825875899867e+01,1.829520797729492188e+01,1.049411406396020798e-04
9.710000157356262207e-01,1.500000000000000000e+00,1.859321611211299796e+01,1.859616470336914062e+01,1.585842512862383434e-04
1.100000023841857910e+00,1.500000000000000000e+00,1.890323650790099919e+01,1.890756416320800781e+01,2.289372671817227305e-04
1.228999972343444824e+00,1.500000000000000000e+00,1.922385816615100040e+01,1.922411155700683594e+01,1.318106145215424579e-05
1.356999993324279785e+00,1.500000000000000000e+00,1.954191865149000051e+01,1.954121017456054688e+01,3.625421546822475330e-05
1.485999941825866699e+00,1.500000000000000000e+00,1.985164367705500155e+01,1.986211585998535156e+01,5.275222092795274053e-04
1.613999962806701660e+00,1.500000000000000000e+00,2.016097597653399731e+01,2.018051528930664062e+01,9.691650243215279951e-04
1.743000030517578125e+00,1.500000000000000000e+00,2.046534516724899788e+01,2.050137138366699219e+01,1.760352250283450182e-03
1.871000051498413086e+00,1.500000000000000000e+00,2.075862448462100218e+01,2.082185554504394531e+01,3.046013981792857709e-03
2.000000000000000000e+00,1.500000000000000000e+00,2.103606787279399981e+01,2.115129280090332031e+01,5.477493645965137228e-03
2.000000029802322388e-01,1.750000000000000000e+00,1.643745393358900131e+01,1.648620986938476562e+01,2.966148893420430133e-03
3.289999961853027344e-01,1.750000000000000000e+00,1.654719134063400077e+01,1.656555175781250000e+01,1.109579069978637112e-03
4.569999873638153076e-01,1.750000000000000000e+00,1.670640146288999972e+01,1.671708488464355469e+01,6.394807270306593046e-04
5.860000252723693848e-01,1.750000000000000000e+00,1.691855414515099909e+01,1.692298698425292969e+01,2.620105160227941769e-04
7.139999866485595703e-01,1.750000000000000000e+00,1.716510604713799992e+01,1.716935539245605469e+01,2.475571841144129262e-04
8.429999947547912598e-01,1.750000000000000000e+00,1.744151325148899900e+01,1.745147895812988281e+01,5.713785551281237978e-04
9.710000157356262207e-01,1.750000000000000000e+00,1.773602206714999951e+01,1.775199317932128906e+01,9.004900935971796956e-04
1.100000023841857910e+00,1.750000000000000000e+00,1.805362992339600225e+01,1.806438255310058594e+01,5.955937808744583579e-04
1.228999972343444824e+00,1.750000000000000000e+00,1.837317381130599969e+01,1.838199043273925781e+01,4.798638234093654544e-04
1.356999993324279785e+00,1.750000000000000000e+00,1.870110840324100110e+01,1.870191383361816406e+01,4.306859036351973636e-05
1.485999941825866699e+00,1.750000000000000000e+00,1.902465794298100121e+01,1.902876663208007812e+01,2.159665162648972047e-04
1.613999962806701660e+00,1.750000000000000000e+00,1.934998743450699976e+01,1.935631561279296875e+01,3.270378498894471416e-04
1.743000030517578125e+00,1.750000000000000000e+00,1.966498967300800160e+01,1.968857383728027344e+01,1.199297058601726980e-03
1.871000051498413086e+00,1.750000000000000000e+00,1.997772755416900026e+01,2.002105903625488281e+01,2.168989539395337063e-03
2.000000000000000000e+00,1.750000000000000000e+00,2.028419407978899969e+01,2.036157989501953125e+01,3.815079609578284417e-03
2.000000029802322388e-01,2.000000000000000000e+00,1.590897859796499958e+01,1.593817901611328125e+01,1.835467812623548878e-03
3.289999961853027344e-01,2.000000000000000000e+00,1.595396401126500052e+01,1.596816635131835938e+01,8.902076025325533206e-04
4.569999873638153076e-01,2.000000000000000000e+00,1.605961409292699926e+01,1.607185173034667969e+01,7.620131684901534398e-04
5.860000252723693848e-01,2.000000000000000000e+00,1.623066280982499876e+01,1.624017715454101562e+01,5.861956980744799156e-04
7.139999866485595703e-01,2.000000000000000000e+00,1.644753141984299916e+01,1.645462989807128906e+01,4.315831991496305205e-04
8.429999947547912598e-01,2.000000000000000000e+00,1.669747902574999898e+01,1.670501518249511719e+01,4.513350029364510238e-04
9.710000157356262207e-01,2.000000000000000000e+00,1.698568800206200180e+01,1.699240112304687500e+01,3.952222002463633599e-04
1.100000023841857910e+00,2.000000000000000000e+00,1.729086771148099899e+01,1.730350112915039062e+01,7.306410459090577781e-04
1.228999972343444824e+00,2.000000000000000000e+00,1.761021700894299968e+01,1.762151336669921875e+01,6.414661301721855721e-04
1.356999993324279785e+00,2.000000000000000000e+00,1.793547395566899993e+01,1.794295692443847656e+01,4.172161152792636042e-04
1.485999941825866699e+00,2.000000000000000000e+00,1.827399288250600051e+01,1.827429199218750000e+01,1.636805286193529805e-05
1.613999962806701660e+00,2.000000000000000000e+00,1.861017086135800014e+01,1.860971450805664062e+01,2.452171475260775158e-05
1.743000030517578125e+00,2.000000000000000000e+00,1.893888291873599883e+01,1.895293426513671875e+01,7.419311086621218710e-04
1.871000051498413086e+00,2.000000000000000000e+00,1.926672837680300177e+01,1.929801177978515625e+01,1.623700836506288773e-03
2.000000000000000000e+00,2.000000000000000000e+00,1.958983144988700076e+01,1.965155410766601562e+01,3.150749813080749862e-03
2.000000029802322388e-01,2.250000000000000000e+00,1.553269376188299944e+01,1.548609542846679688e+01,3.000016232249050167e-03
3.289999961853027344e-01,2.250000000000000000e+00,1.548496040131399809e+01,1.546774387359619141e+01,1.111822521441239954e-03
4.569999873638153076e-01,2.250000000000000000e+00,1.552173762354300024e+01,1.553381919860839844e+01,7.783648556894271148e-04
5.860000252723693848e-01,2.250000000000000000e+00,1.564307353103700038e+01,1.565055561065673828e+01,4.782998433711194782e-04
7.139999866485595703e-01,2.250000000000000000e+00,1.582283041776400090e+01,1.583062648773193359e+01,4.927102017841378375e-04
8.429999947547912598e-01,2.250000000000000000e+00,1.605166926166899799e+01,1.605858421325683594e+01,4.307933010026992267e-04
9.710000157356262207e-01,2.250000000000000000e+00,1.631546992319299960e+01,1.630967521667480469e+01,3.551663878193014878e-04
1.100000023841857910e+00,2.250000000000000000e+00,1.660930397768500200e+01,1.661325836181640625e+01,2.380824709281655516e-04
1.228999972343444824e+00,2.250000000000000000e+00,1.692331570012699871e+01,1.693210601806640625e+01,5.194205494459680364e-04
1.356999993324279785e+00,2.250000000000000000e+00,1.724819705079600141e+01,1.725434112548828125e+01,3.562154742426423934e-04
1.485999941825866699e+00,2.250000000000000000e+00,1.759007698748099813e+01,1.758822059631347656e+01,1.055362730272740618e-04
1.613999962806701660e+00,2.250000000000000000e+00,1.792615992808799774e+01,1.792935371398925781e+01,1.781634167089973136e-04
1.743000030517578125e+00,2.250000000000000000e+00,1.827126007108999772e+01,1.828162193298339844e+01,5.671126048824591580e-04
1.871000051498413086e+00,2.250000000000000000e+00,1.861047042422200093e+01,1.863815116882324219e+01,1.487374793342894925e-03
2.000000000000000000e+00,2.250000000000000000e+00,1.894666723482500004e+01,1.900457382202148438e+01,3.056294095356723150e-03
2.000000029802322388e-01,2.500000000000000000e+00,1.527293124245899847e+01,1.528664016723632812e+01,8.975961824026694284e-04
3.289999961853027344e-01,2.500000000000000000e+00,1.512847034235500132e+01,1.519651603698730469e+01,4.497856894480377517e-03
4.569999873638153076e-01,2.500000000000000000e+00,1.508594747390599977e+01,1.509126091003417969e+01,3.522109656931066883e-04
5.860000252723693848e-01,2.500000000000000000e+00,1.514903830840400190e+01,1.515288543701171875e+01,2.539520020609256461e-04
7.139999866485595703e-01,2.500000000000000000e+00,1.529004314065200099e+01,1.528612804412841797e+01,2.560552960883319537e-04
8.429999947547912598e-01,2.500000000000000000e+00,1.548055019039200175e+01,1.546910381317138672e+01,7.394037731113216197e-04
9.710000157356262207e-01,2.500000000000000000e+00,1.572079925934099975e+01,1.572009468078613281e+01,4.481824004261706008e-05
1.100000023841857910e+00,2.500000000000000000e+00,1.599859053700599887e+01,1.599008464813232422e+01,5.316648897288707085e-04
1.228999972343444824e+00,2.500000000000000000e+00,1.630294601109299890e+01,1.630485725402832031e+01,1.172329794885504671e-04
1.356999993324279785e+00,2.500000000000000000e+00,1.662954853051800086e+01,1.662720298767089844e+01,1.410466942501751480e-04
1.485999941825866699e+00,2.500000000000000000e+00,1.696495077137799967e+01,1.696172142028808594e+01,1.903542859294384112e-04
1.613999962806701660e+00,2.500000000000000000e+00,1.730444534142799995e+01,1.730592346191406250e+01,8.541854170406904011e-05
1.743000030517578125e+00,2.500000000000000000e+00,1.765555009354200067e+01,1.766448783874511719e+01,5.062286451434750518e-04
1.871000051498413086e+00,2.500000000000000000e+00,1.800299403409199783e+01,1.803023910522460938e+01,1.513363337288117999e-03
2.000000000000000000e+00,2.500000000000000000e+00,1.834239188542400001e+01,1.840809059143066406e+01,3.581796006597825956e-03
2.000000029802322388e-01,2.750000000000000000e+00,1.513665084096199820e+01,1.497493362426757812e+01,1.068381760229215015e-02
3.289999961853027344e-01,2.750000000000000000e+00,1.487788942923899960e+01,1.482118892669677734e+01,3.811058202300571240e-03
4.569999873638153076e-01,2.750000000000000000e+00,1.474850013473000132e+01,1.475796890258789062e+01,6.420156471092338312e-04
5.860000252723693848e-01,2.750000000000000000e+00,1.474912528329399919e+01,1.475308990478515625e+01,2.688038385332382012e-04
7.139999866485595703e-01,2.750000000000000000e+00,1.482890939136499853e+01,1.483633899688720703e+01,5.010217087532295400e-04
8.429999947547912598e-01,2.750000000000000000e+00,1.497571749500200156e+01,1.498782348632812500e+01,8.083747126081738000e-04
9.710000157356262207e-01,2.750000000000000000e+00,1.519812520016800050e+01,1.517073249816894531e+01,1.802373755859860288e-03
1.100000023841857910e+00,2.750000000000000000e+00,1.544487038358400000e+01,1.544929027557373047e+01,2.861721646060737365e-04
1.228999972343444824e+00,2.750000000000000000e+00,1.573565911021799835e+01,1.573854923248291016e+01,1.836670612059141587e-04
1.356999993324279785e+00,2.750000000000000000e+00,1.605983444377899971e+01,1.605493736267089844e+01,3.049272472418436191e-04
1.485999941825866699e+00,2.750000000000000000e+00,1.639194782737200029e+01,1.638755035400390625e+01,2.682703370218726810e-04
1.613999962806701660e+00,2.750000000000000000e+00,1.673187014888300084e+01,1.673205947875976562e+01,1.131552391215677547e-05
1.743000030517578125e+00,2.750000000000000000e+00,1.708616611090700133e+01,1.709401512145996094e+01,4.593781016766057524e-04
1.871000051498413086e+00,2.750000000000000000e+00,1.743271781554500066e+01,1.746632194519042969e+01,1.927647197699933462e-03
2.000000000000000000e+00,2.750000000000000000e+00,1.778643381039900007e+01,1.785347747802734375e+01,3.769370990442502071e-03
2.000000029802322388e-01,3.000000000000000000e+00,1.513154247056399981e+01,1.504001808166503906e+01,6.048582890806197300e-03
3.289999961853027344e-01,3.000000000000000000e+00,1.472625400024200104e+01,1.470684146881103516e+01,1.318226035667106671e-03
4.569999873638153076e-01,3.000000000000000000e+00,1.449949479235500149e+01,1.451284027099609375e+01,9.204099061526466955e-04
5.860000252723693848e-01,3.000000000000000000e+00,1.442178040087999946e+01,1.442571067810058594e+01,2.725237183854674794e-04
7.139999866485595703e-01,3.000000000000000000e+00,1.444285961291300069e+01,1.445945549011230469e+01,1.149071419656121258e-03
8.429999947547912598e-01,3.000000000000000000e+00,1.455033396021400094e+01,1.454378032684326172e+01,4.504111994033456229e-04
9.710000157356262207e-01,3.000000000000000000e+00,1.471919368594799948e+01,1.470976161956787109e+01,6.408004800652170345e-04
1.100000023841857910e+00,3.000000000000000000e+00,1.495245374313799935e+01,1.494201850891113281e+01,6.978944329893341757e-04
1.228999972343444824e+00,3.000000000000000000e+00,1.522645842580499931e+01,1.523535537719726562e+01,5.843086516552156457e-04
1.356999993324279785e+00,3.000000000000000000e+00,1.552826149261300159e+01,1.553449440002441406e+01,4.013911933655641947e-04
1.485999941825866699e+00,3.000000000000000000e+00,1.586544756894900132e+01,1.586010265350341797e+01,3.368903034317250671e-04
1.613999962806701660e+00,3.000000000000000000e+00,1.620324352860300010e+01,1.620199394226074219e+01,7.711951869710924898e-05
1.743000030517578125e+00,3.000000000000000000e+00,1.655833159247499964e+01,1.656457710266113281e+01,3.771823357476106436e-04
1.871000051498413086e+00,3.000000000000000000e+00,1.690844910685599700e+01,1.694083213806152344e+01,1.915198194753168787e-03
2.000000000000000000e+00,3.000000000000000000e+00,1.726758829369699910e+01,1.733503532409667969e+01,3.905990185340476716e-03
2.000000029802322388e-01,3.250000000000000000e+00,1.526214623064999998e+01,1.523615264892578125e+01,1.703140654753881661e-03
3.289999961853027344e-01,3.250000000000000000e+00,1.468558167721399954e+01,1.466644573211669922e+01,1.303043047112765118e-03
4.569999873638153076e-01,3.250000000000000000e+00,1.433745584981899945e+01,1.433680248260498047e+01,4.557065220376830644e-05
5.860000252723693848e-01,3.250000000000000000e+00,1.415896194270500175e+01,1.417022132873535156e+01,7.952126770247370559e-04
7.139999866485595703e-01,3.250000000000000000e+00,1.412177177247999893e+01,1.413036155700683594e+01,6.082653554546512591e-04
8.429999947547912598e-01,3.250000000000000000e+00,1.417820915428600159e+01,1.417791080474853516e+01,2.104282241994195871e-05
9.710000157356262207e-01,3.250000000000000000e+00,1.431456318838599984e+01,1.431987857818603516e+01,3.713274188029653611e-04
1.100000023841857910e+00,3.250000000000000000e+00,1.451004621695600072e+01,1.449759864807128906e+01,8.578586655475848970e-04
1.228999972343444824e+00,3.250000000000000000e+00,1.476410380758900054e+01,1.476777076721191406e+01,2.483699431203297372e-04
1.356999993324279785e+00,3.250000000000000000e+00,1.505242089083299994e+01,1.506097984313964844e+01,5.686096853603753078e-04
1.485999941825866699e+00,3.250000000000000000e+00,1.538068662601400050e+01,1.537481975555419922e+01,3.814439889750040227e-04
1.613999962806701660e+00,3.250000000000000000e+00,1.571413042797800053e+01,1.571101284027099609e+01,1.983939054911856631e-04
1.743000030517578125e+00,3.250000000000000000e+00,1.606793886172599883e+01,1.607191848754882812e+01,2.476749418252270477e-04
1.871000051498413086e+00,3.250000000000000000e+00,1.641966060322700116e+01,1.644992828369140625e+01,1.843380395966071278e-03
2.000000000000000000e+00,3.250000000000000000e+00,1.678236281889800097e+01,1.684904289245605469e+01,3.973223215205890987e-03
2.000000029802322388e-01,3.500000000000000000e+00,1.553239491934500016e+01,1.566581344604492188e+01,8.589694467126512967e-03
3.289999961853027344e-01,3.500000000000000000e+00,1.476904241352299962e+01,1.477700138092041016e+01,5.388952901999287132e-04
4.569999873638153076e-01,3.500000000000000000e+00,1.427408001786800007e+01,1.426471805572509766e+01,6.558714909250404563e-04
5.860000252723693848e-01,3.500000000000000000e+00,1.397835067768400208e+01,1.398271942138671875e+01,3.125364217461816291e-04
7.139999866485595703e-01,3.500000000000000000e+00,1.385787535776599988e+01,1.386368560791015625e+01,4.192742389546956277e-04
8.429999947547912598e-01,3.500000000000000000e+00,1.385577741490699921e+01,1.386010932922363281e+01,3.126431803078063730e-04
9.710000157356262207e-01,3.500000000000000000e+00,1.395402762990899959e+01,1.395144557952880859e+01,1.850397927159494298e-04
1.100000023841857910e+00,3.500000000000000000e+00,1.412287350311299861e+01,1.413812446594238281e+01,1.079876756385487243e-03
1.228999972343444824e+00,3.500000000000000000e+00,1.435418459952200010e+01,1.434437370300292969e+01,6.834868571633889549e-04
1.356999993324279785e+00,3.500000000000000000e+00,1.462676632706499902e+01,1.462656116485595703e+01,1.402649119117736468e-05
1.485999941825866699e+00,3.500000000000000000e+00,1.492299761156500004e+01,1.492742347717285156e+01,2.965801994380519121e-04
1.613999962806701660e+00,3.500000000000000000e+00,1.526072567081100040e+01,1.525550746917724609e+01,3.419366645018128825e-04
1.743000030517578125e+00,3.500000000000000000e+00,1.560577638926699962e+01,1.561291408538818359e+01,4.573752656159412334e-04
1.871000051498413086e+00,3.500000000000000000e+00,1.596305505999200136e+01,1.599098110198974609e+01,1.749417131795492561e-03
2.000000000000000000e+00,3.500000000000000000e+00,1.632174927423400135e+01,1.639317131042480469e+01,4.375881223929367105e-03
2.000000029802322388e-01,3.750000000000000000e+00,1.599557028684399995e+01,1.638759994506835938e+01,2.450863902906888492e-02
3.289999961853027344e-01,3.750000000000000000e+00,1.496874272317100107e+01,1.503377342224121094e+01,4.344432947567800768e-03
4.569999873638153076e-01,3.750000000000000000e+00,1.429545602401699966e+01,1.429418182373046875e+01,8.913323816954145027e-05
5.860000252723693848e-01,3.750000000000000000e+00,1.387140711669099957e+01,1.387488555908203125e+01,2.507634850429978838e-04
7.139999866485595703e-01,3.750000000000000000e+00,1.365935648911299971e+01,1.366659355163574219e+01,5.298245586101129473e-04
8.429999947547912598e-01,3.750000000000000000e+00,1.358998459369400003e+01,1.360292434692382812e+01,9.521536349520498847e-04
9.710000157356262207e-01,3.750000000000000000e+00,1.362993466507600004e+01,1.361923217773437500e+01,7.852192695426517396e-04
1.100000023841857910e+00,3.750000000000000000e+00,1.376273756167600126e+01,1.377177906036376953e+01,6.569549587972533557e-04
1.228999972343444824e+00,3.750000000000000000e+00,1.397260759118499962e+01,1.398237705230712891e+01,6.991866806803203466e-04
1.356999993324279785e+00,3.750000000000000000e+00,1.422669571175499925e+01,1.422502994537353516e+01,1.170873697739759507e-04
1.485999941825866699e+00,3.750000000000000000e+00,1.451048470197500073e+01,1.451618194580078125e+01,3.926294636460403139e-04
1.613999962806701660e+00,3.750000000000000000e+00,1.483974732761700110e+01,1.483381843566894531e+01,3.995278232953489400e-04
1.743000030517578125e+00,3.750000000000000000e+00,1.518026211074699994e+01,1.518598270416259766e+01,3.768441792284847949e-04
1.871000051498413086e+00,3.750000000000000000e+00,1.553575483964099924e+01,1.556278038024902344e+01,1.739570486724332675e-03
2.000000000000000000e+00,3.750000000000000000e+00,1.589516248919099972e+01,1.596648788452148438e+01,4.487239144550250747e-03
2.000000029802322388e-01,4.000000000000000000e+00,1.672014246564300066e+01,1.769844627380371094e+01,5.851049476228777774e-02
3.289999961853027344e-01,4.000000000000000000e+00,1.530777113864800043e+01,1.546976661682128906e+01,1.058256467947144008e-02
4.569999873638153076e-01,4.000000000000000000e+00,1.442078987259900025e+01,1.442500591278076172e+01,2.923584782115427340e-04
5.860000252723693848e-01,4.000000000000000000e+00,1.384685639840299842e+01,1.383968257904052734e+01,5.180828887124486887e-04
7.139999866485595703e-01,4.000000000000000000e+00,1.352183607802599852e+01,1.352638339996337891e+01,3.362947096193636526e-04
8.429999947547912598e-01,4.000000000000000000e+00,1.336992516204299974e+01,1.338927459716796875e+01,1.447235858873895456e-03
9.710000157356262207e-01,4.000000000000000000e+00,1.335432139270499974e+01,1.337623691558837891e+01,1.641080983369986408e-03
1.100000023841857910e+00,4.000000000000000000e+00,1.344649445993499981e+01,1.344424533843994141e+01,1.672645239813140160e-04
1.228999972343444824e+00,4.000000000000000000e+00,1.362674187811400017e+01,1.362993335723876953e+01,2.342070579538322467e-04
1.356999993324279785e+00,4.000000000000000000e+00,1.385986349773000015e+01,1.386237525939941406e+01,1.812255704989660483e-04
1.485999941825866699e+00,4.000000000000000000e+00,1.413914781092399942e+01,1.413638687133789062e+01,1.952691649475274828e-04
1.613999962806701660e+00,4.000000000000000000e+00,1.444835969916099927e+01,1.444451808929443359e+01,2.658855362514787077e-04
1.743000030517578125e+00,4.000000000000000000e+00,1.478285743919200002e+01,1.479035949707031250e+01,5.074836112822942932e-04
1.871000051498413086e+00,4.000000000000000000e+00,1.513523904815600041e+01,1.516523170471191406e+01,1.981644059964008872e-03
2.000000000000000000e+00,4.000000000000000000e+00,1.548853565934399867e+01,1.556972408294677734e+01,5.241839860684242500e-03
2.000000029802322388e-01,4.250000000000000000e+00,1.779275251697400151e+01,2.178792572021484375e+01,2.245393566526320550e-01
3.289999961853027344e-01,4.250000000000000000e+00,1.584434046900699933e+01,1.617795753479003906e+01,2.105591371478198609e-02
4.569999873638153076e-01,4.250000000000000000e+00,1.465801917968099843e+01,1.467203426361083984e+01,9.561376443871196429e-04
5.860000252723693848e-01,4.250000000000000000e+00,1.390154260095999916e+01,1.387890243530273438e+01,1.628608155738149946e-03
7.139999866485595703e-01,4.250000000000000000e+00,1.343769815557200076e+01,1.344251728057861328e+01,3.586272701485151374e-04
8.429999947547912598e-01,4.250000000000000000e+00,1.320469270702200149e+01,1.322133445739746094e+01,1.260290621273578654e-03
9.710000157356262207e-01,4.250000000000000000e+00,1.312986945683299922e+01,1.315116500854492188e+01,1.621916484542053121e-03
1.100000023841857910e+00,4.250000000000000000e+00,1.317613339844900011e+01,1.314166259765625000e+01,2.616154508333056513e-03
1.228999972343444824e+00,4.250000000000000000e+00,1.331878233759299945e+01,1.330555343627929688e+01,9.932515584674189105e-04
1.356999993324279785e+00,4.250000000000000000e+00,1.352371163533700127e+01,1.352337646484375000e+01,2.478391304761924419e-05
1.485999941825866699e+00,4.250000000000000000e+00,1.378139178066600046e+01,1.378473186492919922e+01,2.423618975758737532e-04
1.613999962806701660e+00,4.250000000000000000e+00,1.408410140788700105e+01,1.408223533630371094e+01,1.324948982719707043e-04
1.743000030517578125e+00,4.250000000000000000e+00,1.441121780499699945e+01,1.442170333862304688e+01,7.275952503064407649e-04
1.871000051498413086e+00,4.250000000000000000e+00,1.475928807295699841e+01,1.479517650604248047e+01,2.431582940049755327e-03
2.000000000000000000e+00,4.250000000000000000e+00,1.511646737037900046e+01,1.520247077941894531e+01,5.689385418743412269e-03
2.000000029802322388e-01,4.500000000000000000e+00,1.939794231421299742e+01,1.821883201599121094e+01,6.078532862518334218e-02
3.289999961853027344e-01,4.500000000000000000e+00,1.668459442501699996e+01,1.744858741760253906e+01,4.579032448280567769e-02
4.569999873638153076e-01,4.500000000000000000e+00,1.505248217123699916e+01,1.506500053405761719e+01,8.316477427582480561e-04
5.860000252723693848e-01,4.500000000000000000e+00,1.405076430204999838e+01,1.399847984313964844e+01,3.721111377743463282e-03
7.139999866485595703e-01,4.500000000000000000e+00,1.343561002882000111e+01,1.341579151153564453e+01,1.475073870248164686e-03
8.429999947547912598e-01,4.500000000000000000e+00,1.309074192934200020e+01,1.309883213043212891e+01,6.180093637011566327e-04
9.710000157356262207e-01,4.500000000000000000e+00,1.294225571432799882e+01,1.295978641510009766e+01,1.354532096958268759e-03
1.100000023841857910e+00,4.500000000000000000e+00,1.293176173397199946e+01,1.286512851715087891e+01,5.152678976915708864e-03
1.228999972343444824e+00,4.500000000000000000e+00,1.303730846150000033e+01,1.300767230987548828e+01,2.273180212927345539e-03
1.356999993324279785e+00,4.500000000000000000e+00,1.321147715123100141e+01,1.320409488677978516e+01,5.587766126915190250e-04
1.485999941825866699e+00,4.500000000000000000e+00,1.345990127210500020e+01,1.345664310455322266e+01,2.420647437087776184e-04
1.613999962806701660e+00,4.500000000000000000e+00,1.374483828597599988e+01,1.374346256256103516e+01,1.000901855912258580e-04
1.743000030517578125e+00,4.500000000000000000e+00,1.406328616880000126e+01,1.407463932037353516e+01,8.072900911823398945e-04
1.871000051498413086e+00,4.500000000000000000e+00,1.440078831520400016e+01,1.444504833221435547e+01,3.073444039422943905e-03
2.000000000000000000e+00,4.500000000000000000e+00,1.476042695608899891e+01,1.485560703277587891e+01,6.448328152704020134e-03
