idx,V0_is,g0,true_half_life,pred_half_life,absolute_error,relative_error
0,1.286,0.214,0.08419026226821089,0.08414413696009077,4.612530812012072e-05,0.0005478698709023624
1,0.286,0.857,1.4541637082298224,1.456214714452538,0.002051006222715479,0.0014104369481289028
2,0.429,0.429,0.46483991547364883,0.46417711008925666,0.0006628053843921733,0.0014258788075821919
3,1.000,0.429,0.26139746782162954,0.2614433113949325,4.5843573302950524e-05,0.0001753787964550327
4,0.286,0.714,1.093402032352664,1.0936571715381702,0.0002551391855061258,0.0002333443490654073
5,0.857,0.571,0.4573756160283552,0.45588900990925435,0.0014866061191008417,0.00325029596463813
6,0.714,0.500,0.45917592767558935,0.46042233994635867,0.001246412270769326,0.002714454734329897
7,1.571,0.429,0.07759466521003269,0.07744828414694659,0.00014638106308610677,0.001886483596390081
8,0.286,0.786,1.2698367580106422,1.2721972487701825,0.002360490759540257,0.0018588930779088963
9,1.714,0.571,0.06441824801685246,0.06449810562891382,7.985761206136255e-05,0.0012396737651180919
10,1.286,0.286,0.10663307143543244,0.10675817050706662,0.0001250990716341882,0.0011731732937087641
11,1.714,0.643,0.07095853014176991,0.0710396306821768,8.110054040688652e-05,0.0011429286971538675
12,0.286,0.143,0.13100436835712237,0.13121306012762585,0.00020869177050347743,0.001593013829390609
13,0.714,0.357,0.2933249404125768,0.293811807777203,0.00048686736462622004,0.0016598225979059802
14,0.857,0.643,0.5321688551898524,0.5327241221343452,0.000555266944492816,0.001043403684897575
15,1.714,0.357,0.04561072820474621,0.04564199132380223,3.126311905601864e-05,0.0006854334558237864
16,1.286,0.143,0.06414823019350946,0.06423931398889363,9.1083795384167e-05,0.0014198956870579867
17,0.714,0.643,0.6459823522348952,0.6466510941123335,0.0006687418774382614,0.0010352324256608953
18,0.857,0.357,0.2541295521227041,0.2544439022864602,0.00031435016375608305,0.0012369681571087095
19,1.429,0.429,0.11159771621424158,0.11161018902750196,1.2472813260375193e-05,0.00011176584686043486
20,1.286,0.857,0.31211047489936045,0.31258873825574857,0.00047826335638812,0.0015323527880387075
21,0.286,0.214,0.1942518150172726,0.194622058688768,0.00037024367149540716,0.0019059985177615232
22,1.714,0.500,0.058084886215371286,0.058132672333895075,4.7786118523789056e-05,0.0008226945361759732
23,1.286,0.714,0.25717161703476304,0.2571308436042851,4.077343047792503e-05,0.00015854560836864632
24,1.286,0.786,0.28451953811947783,0.2841738270004943,0.00034571111898351603,0.0012150698727703619
25,0.571,0.429,0.42307095430194613,0.4236737903170058,0.0006028360150596712,0.0014249052290870022
26,0.286,0.286,0.2781173966667372,0.2783140076762542,0.0001966110095170115,0.0007069353153503258
27,0.714,0.571,0.5496525222560709,0.5502031088704346,0.0005505866143636906,0.0010016994229441278
28,0.857,0.500,0.3864982557547452,0.38613303100860935,0.00036522474613587264,0.0009449583295600386
29,0.429,0.500,0.5831303485090336,0.5828037869389011,0.00032656157013244425,0.0005600147050610681
30,0.571,0.571,0.6357785931328578,0.636549877051985,0.0007712839191271748,0.00121313288534394
31,1.000,0.500,0.312334896253628,0.31035134059816377,0.0019835556554642086,0.006350733393086775
32,0.714,0.429,0.3737022151020336,0.37488796431998656,0.0011857492179529472,0.0031729788319001446
33,1.429,0.571,0.14419059526144248,0.14418969924914088,8.960123016044097e-07,6.214082825442148e-06
34,1.571,0.500,0.08780872227928344,0.087656084314953,0.00015263796433043209,0.0017383007105484748
35,1.143,0.143,0.07770038057895977,0.07779184068979733,9.146011083756289e-05,0.0011770870381338785
36,1.429,0.643,0.16115728262563028,0.16109523528095376,6.204734467651907e-05,0.00038501111253318643
37,0.429,0.357,0.35637459613089983,0.35546570396427624,0.0009088921666235983,0.002550384276801126
38,1.143,0.786,0.39813457698222854,0.3978165876724687,0.0003179893097598474,0.0007986980487104024
39,1.000,0.357,0.21203730372234753,0.21220148045702894,0.00016417673468141492,0.0007742823163625789
40,1.143,0.857,0.43949129031115125,0.440129323849837,0.000638033538685745,0.0014517546826332546
41,1.571,0.357,0.06737248305760436,0.06724878113916191,0.00012370191844245093,0.0018360896441457287
42,0.571,0.643,0.753850404681659,0.7542565327944157,0.000406128112756754,0.0005387383361931821
43,1.143,0.714,0.35726066122008077,0.3575375410161664,0.0002768797960856495,0.0007750077916221657
44,1.429,0.357,0.09546085966343935,0.09550933541555778,4.847575211842925e-05,0.000507807621776478
45,0.429,0.643,0.849046932939248,0.8484022003839333,0.0006447325553147198,0.0007593603254448744
46,1.000,0.643,0.4202792004568339,0.4210454011096585,0.0007662006528245668,0.0018230753556010486
47,1.143,0.286,0.1361769095757521,0.13618821947380375,1.1309898051647949e-05,8.305297929643873e-05
48,1.571,0.643,0.10887882942807224,0.10870950575448475,0.00016932367358749034,0.0015551569986279959
49,1.143,0.214,0.10482099367223777,0.10465670480774844,0.0001642888644893259,0.0015673278675742836
50,0.571,0.357,0.32775366932830297,0.32773831719612045,1.535213218251119e-05,4.6840458610192796e-05
51,1.571,0.571,0.09817681186734324,0.09805274554459302,0.00012406632275022145,0.0012637029089706047
52,1.429,0.500,0.12776386932559441,0.12772087182778147,4.2997497812946595e-05,0.00033653878862553423
53,1.714,0.429,0.05184987354607977,0.051884167845150285,3.4294299070515566e-05,0.0006614152885066866
54,0.571,0.500,0.5258332640500384,0.5268458903426358,0.0010126262925974627,0.0019257554852998061
55,0.429,0.571,0.7108515118871699,0.7104600737880119,0.00039143809915798133,0.0005506608519672283
56,1.000,0.571,0.36507690467114995,0.3638224370804599,0.0012544675906900338,0.0034361735147831925
57,0.857,0.429,0.3187777789402777,0.31941786036259123,0.000640081422313532,0.002007923590036211
58,1.000,0.857,0.5947587674829825,0.5951799788427151,0.0004212113597326095,0.0007082053813433887
59,0.429,0.714,0.9935705338825701,0.9930003464446551,0.0005701874379150373,0.0005738771616816363
60,0.571,0.286,0.2448105192077563,0.2445429702422213,0.00026754896553499163,0.0010928818189709347
61,1.000,0.714,0.47641922174236523,0.47680565979335054,0.00038643805098531603,0.0008111302679434949
62,0.286,0.429,0.49913184048126796,0.49924126774721045,0.00010942726594248553,0.00021923519412621453
63,0.429,0.857,1.309609349572534,1.3105841680336134,0.0009748184610793853,0.000744358202236089
64,1.571,0.786,0.1307796977397806,0.13038997804610114,0.0003897196936794578,0.0029799709007961163
65,1.429,0.214,0.06468514023376674,0.06458638739458648,9.875283918026057e-05,0.001526669631129746
66,1.429,0.286,0.07988562496005029,0.07985391928353595,3.170567651433753e-05,0.00039688838298746626
67,1.571,0.714,0.11964118091926416,0.11931801998881705,0.00032316093044711114,0.002701084425647599
68,1.000,0.786,0.53511567926628,0.5345063349261273,0.0006093443401526955,0.0011387151671358117
69,1.571,0.857,0.14198861972702698,0.14202983920117337,4.1219474146397816e-05,0.00029030125249222247
70,0.571,0.214,0.1743280098086801,0.1742216315836112,0.00010637822506889827,0.0006102187777262258
71,0.429,0.786,1.1484961040949881,1.1466606101831027,0.0018354939118854219,0.0015981716484199885
72,1.143,0.357,0.16972335450354456,0.1701202306516699,0.0003968761481253358,0.0023383708699738627
73,0.429,0.143,0.12598978471601635,0.12598574286934547,4.041846670882476e-06,3.208074908606983e-05
74,1.000,0.143,0.09050589232864839,0.09054762928423155,4.173695558315482e-05,0.00046115180469795294
75,1.571,0.143,0.03839330377119006,0.03833470820671493,5.8595564475127926e-05,0.0015261922970822176
76,1.143,0.500,0.24182990574929633,0.24156865865151805,0.0002612470977782777,0.0010802927659787085
77,1.429,0.143,0.050716791123275595,0.05071703772276506,2.4659948946736954e-07,4.8622849357320034e-06
78,1.143,0.571,0.2791638542685456,0.27939783723268113,0.00023398296413551511,0.0008381563750385531
79,0.571,0.143,0.11964741459166153,0.1197867410799961,0.0001393264883345624,0.0011644755451679634
80,1.571,0.286,0.05744263640919021,0.05730928383496779,0.00013335257422241592,0.002321491187703929
81,1.429,0.714,0.17823141059602488,0.17791075153614913,0.00032065905987574417,0.001799116434097817
82,1.000,0.214,0.12517475809314405,0.12484759651147533,0.00032716158166871956,0.0026136386173422816
83,0.429,0.214,0.1854309634777381,0.1851221285028878,0.00030883497485029165,0.0016654984100719986
84,0.571,0.786,1.0072782862041427,1.0051747009405412,0.0021035852636015484,0.0020883853969777917
85,1.429,0.857,0.2137254492723167,0.21389429189484538,0.00016884262252866988,0.0007899977429152122
86,1.286,0.429,0.15464440844596997,0.15500592771707122,0.00036151927110125714,0.0023377455074786333
87,0.571,0.714,0.8765337526599905,0.8762648328956107,0.0002689197643797048,0.0003067990976543939
88,0.429,0.286,0.2632955209931911,0.26256381245985255,0.0007317085333385376,0.002779039045474153
89,1.000,0.286,0.16657208500297416,0.1663265909765866,0.0002454940263875438,0.001473800525359099
90,1.143,0.643,0.31798583038507877,0.3187337465091412,0.0007479161240624421,0.0023520423006167307
91,1.429,0.786,0.19591516674117412,0.19545340506506267,0.0004617616761114496,0.0023569470592416587
92,1.571,0.214,0.0476229711155109,0.047486273176381,0.00013669793912989697,0.0028704202179727963
93,0.571,0.857,1.1424956051631947,1.1429417641647677,0.0004461590015729655,0.0003905126632931213
94,1.714,0.214,0.03348619278532312,0.033495341846402765,9.149061079648246e-06,0.00027321890960558073
95,0.714,0.857,0.9586698736179464,0.9586585336006381,1.134001730829226e-05,1.1828907552394348e-05
96,0.286,0.500,0.6307027821113903,0.6310569720795158,0.00035418996812552894,0.000561579841046229
97,0.714,0.714,0.7453442263021388,0.7454283861566048,8.415985446597052e-05,0.00011291407580026627
98,0.857,0.286,0.19578265590759605,0.19558358990879596,0.00019906599880009646,0.001016770346061962
99,0.714,0.786,0.8505398120856322,0.8488427400606072,0.0016970720250250038,0.0019952881698313057
100,0.857,0.214,0.1440127410547251,0.14374895651829986,0.00026378453642525446,0.0018316749927356486
101,1.714,0.286,0.039536862135565634,0.03955533706777805,1.8474932212415862e-05,0.0004672837249721095
102,1.286,0.571,0.20466568910119295,0.20498821689554736,0.0003225277943544047,0.0015758762290387477
103,0.286,0.357,0.3795884126715369,0.37958920176872357,7.890971866486574e-07,2.0788231682179247e-06
104,1.286,0.643,0.23081165375146379,0.2311586023891324,0.00034694863766862594,0.0015031677648400612
105,0.714,0.143,0.11166140127602252,0.11181426295896223,0.00015286168293970892,0.0013689751444354611
106,1.143,0.429,0.20544883461366822,0.20579464200183967,0.00034580738817144296,0.0016831800911487715
107,1.714,0.143,0.027709292705172896,0.027748031758791838,3.873905361894206e-05,0.0013980527771360284
108,0.286,0.643,0.9296095318692944,0.9291326816427647,0.00047685022652965703,0.0005129575484997323
109,1.286,0.357,0.13007639750767785,0.1304514949168471,0.00037509740916924494,0.002883670030507299
110,0.857,0.143,0.10193284246000885,0.10200124659696659,6.840413695774483e-05,0.0006710706314756377
111,0.857,0.786,0.6892810663241993,0.6881264658525601,0.0011546004716391778,0.001675079337078611
112,1.714,0.857,0.09119003936557543,0.09142869935080816,0.0002386599852327309,0.0026171716438892767
113,0.714,0.214,0.16051233145646063,0.16043228270889107,8.004874756956104e-05,0.0004987077743075115
114,1.714,0.714,0.07753618476249309,0.07755700653601408,2.0821773520987574e-05,0.0002685426628195379
115,1.286,0.500,0.17941135561227864,0.17960261864706245,0.0001912630347838118,0.0010660586902712307
116,1.714,0.786,0.08434258552768197,0.08433369448959854,8.891038083422287e-06,0.00010541576390854382
117,0.857,0.857,0.7715611383842377,0.7715959130347372,3.477465049950279e-05,4.5070505459004866e-05
118,0.286,0.571,0.773814114653156,0.773990226314564,0.00017611166140807377,0.00022758910450607599
119,0.857,0.714,0.6087445594393182,0.6090253929451835,0.00028083350586538547,0.00046133226410112986
120,0.714,0.286,0.22217806341399168,0.2221367026110517,4.1360802939982566e-05,0.00018616060606718685
